id,title,main_artist,acousticness,danceability,energy,duration_ms,instrumentalness,key,liveness,loudness,mode,speechiness,tempo,time_signature,valence,duration_min
73RdXBA5oTmOr6furSPoti,Identity,grandson,0.000348,0.495,0.731,216000,0.0,8,0.0598,-6.304,1,0.0458,120.004,4,0.284,3.6
1CqOEa4NIRBaWR6sNHTDTo,Как тебя покорить,Перемотка,0.00677,0.514,0.966,218764,0.0422,2,0.382,-4.854,1,0.0502,91.025,4,0.802,3.6460666666666666
4QGV75zJdM68DDbeXvlXOz,Первый снег,Перемотка,0.0118,0.548,0.862,179442,0.893,11,0.208,-6.984,1,0.0333,100.815,4,0.609,2.9907
0E5kJzyQhf4m02ooeO9tTy,Vchera,AL-90,0.0298,0.65,0.609,323000,0.875,8,0.106,-9.038,1,0.0663,119.993,4,0.18,5.383333333333334
3Y7yePf9MtKCJbzeuqBJmN,шесть,тима ищет свет,0.0841,0.663,0.841,190146,0.000184,5,0.101,-6.18,1,0.144,166.065,4,0.762,3.1691
4zafGs520iPYGMd80DDoY6,Herz aus Stein,Arctic8,0.301,0.637,0.787,204000,0.0932,6,0.0794,-10.296,0,0.0342,88.981,4,0.583,3.4
1yMleiivwXM5mBjDV6rT1a,Хостел,Affinage,0.0505,0.5,0.591,324507,0.0,1,0.105,-8.87,0,0.0723,75.672,4,0.25,5.40845
0uhI1APF1D4scWNrOUCMIw,Остров,My,0.517,0.583,0.624,146341,0.000169,5,0.0728,-6.799,1,0.06,164.062,4,0.428,2.439016666666667
3gqYxzuwt40Q1bLflovbsI,El Muchacho de los Ojos Tristes,Jeanette,0.277,0.705,0.418,217333,1.62e-06,9,0.166,-12.574,1,0.0302,113.029,4,0.798,3.6222166666666666
2398GSLbctyjLClJrqskt2,Звезда упала,Sqwore,0.0604,0.688,0.634,95533,0.0,11,0.164,-8.452,1,0.0669,91.196,4,0.729,1.5922166666666666
49sQqlr7ZExR227fObSjes,hyperpop luv,whyalive,0.000352,0.568,0.874,85347,0.0,6,0.399,-2.913,1,0.0663,90.046,4,0.692,1.42245
53shWqZYUcOCTM8bn6Z2nM,Код,whyalive,0.0894,0.6,0.608,134000,1.55e-05,8,0.282,-6.444,1,0.106,170.798,4,0.751,2.2333333333333334
3pZeC8pVMaw8tUcyF5XPX3,Лимон,Соленоид,0.0142,0.462,0.623,161505,1.01e-06,8,0.264,-10.742,1,0.0347,103.0,4,0.184,2.69175
0h302qVfzax9JhJNJLFK1D,Shapes,Fransis Derelle,0.0549,0.343,0.708,223068,0.000689,7,0.105,-4.28,0,0.0328,98.028,4,0.0869,3.7178
0aKXiOFEmprIpNXf8NhGXn,Аквариум,Sqwore,0.00582,0.514,0.792,107100,7.19e-06,0,0.157,-2.232,1,0.0264,139.25,4,0.179,1.785
0DQqBxcg5KhUBxcgepXws3,По*уй,KVESTAR,0.0125,0.722,0.623,121292,0.0,6,0.275,-10.079,0,0.155,93.664,4,0.318,2.021533333333333
2B1yZ9EZWgzXtfZd7vyB9d,East Nostalgia,Raimu,0.324,0.611,0.197,167806,0.875,9,0.0724,-12.385,0,0.0279,77.51,4,0.092,2.7967666666666666
4wHkfOTO5XpTrVn1bHxR18,Dream Space,DVRST,0.137,0.781,0.696,171466,0.00424,2,0.573,-6.069,1,0.113,107.996,4,0.293,2.8577666666666666
0z58HQdBeOGPCveLYfX6lO,untitled,semmmyq,0.0984,0.375,0.906,187272,1.45e-06,7,0.0855,-3.977,1,0.138,172.292,4,0.279,3.1212
2D4dV2KXDTszzJ3p3cFqhA,Less Than Zero,The Weeknd,0.00096,0.535,0.791,211814,0.000155,0,0.0788,-5.55,1,0.0327,142.981,4,0.5,3.5302333333333333
1nH2PkJL1XoUq8oE6tBZoU,Sacrifice,The Weeknd,0.0296,0.735,0.795,188918,3.18e-05,11,0.0678,-6.523,0,0.113,122.0,4,0.905,3.148633333333333
2gOcipXTf3Mz1sluNtycZE,Pneumothorax,Blueneck,0.597,0.246,0.317,252000,0.82,7,0.0772,-10.222,0,0.0354,108.354,4,0.0365,4.2
070TMc1fjJGBGxxmf1DIbD,THE DEATH OF PEACE OF MIND,Bad Omens,0.079,0.467,0.705,241499,0.000255,0,0.143,-5.613,0,0.046,154.983,4,0.267,4.024983333333333
25C9EfLoWx1GppQ9QhH8Ev,Super Star,AP$ENT,0.129,0.426,0.855,153338,0.000551,0,0.272,-8.276,1,0.065,184.929,4,0.513,2.555633333333333
5dAtKXyrQoQW054LZqJ5dP,Feel Something (With I Prevail),ILLENIUM,0.00153,0.428,0.877,221000,0.00372,5,0.0943,-4.722,0,0.0835,75.518,4,0.113,3.683333333333333
5ROUkE55LI83kG3ZRmAnum,Light Up The Sky (feat. Scott Stapp),Wooli,0.104,0.165,0.664,284425,5.65e-05,7,0.147,-4.064,1,0.038,150.069,4,0.154,4.7404166666666665
2d0R1XYUy7z0RTsWrlcOkn,Цунами,Пионерлагерь Пыльная Радуга,0.00264,0.306,0.87,217930,0.0,6,0.367,-5.862,1,0.173,81.549,4,0.429,3.6321666666666665
5fenzwiBvLp2tdrKBdddPg,17 Hands,Alfonso Peduto,0.97,0.577,0.379,208805,0.874,0,0.108,-18.53,0,0.0332,131.038,3,0.923,3.4800833333333334
5y6ZHwI8UapWSZxRU5uxLw,Фантастические дни,Horus,0.324,0.781,0.682,164400,3.87e-06,1,0.126,-6.408,0,0.163,100.012,4,0.228,2.74
0SJiIneafLcHKgRwNj3UTZ,Thunder,RY X,0.811,0.253,0.161,200000,0.0134,7,0.116,-16.756,0,0.0375,53.143,5,0.149,3.3333333333333335
3rWcixwqK2i5Ts8C4e3ylr,Побег,Luperkal,0.149,0.624,0.696,210836,0.000375,1,0.124,-5.385,1,0.23,90.539,4,0.275,3.513933333333333
18OGgA3bRnZEQEj2ri3ZPf,Организация,Oxxxymiron,0.224,0.859,0.657,201480,0.0,1,0.128,-8.279,1,0.298,109.99,4,0.62,3.358
663kes2mCxMDehEpXBtC9x,Колесо,Oxxxymiron,0.0801,0.872,0.858,143845,0.0,8,0.178,-5.779,1,0.221,115.044,4,0.417,2.3974166666666665
4ZIdJZbRktq0D3Z0L0miLm,Любовь 2000,Lida,0.0562,0.609,0.916,189375,0.0,0,0.0872,-4.937,1,0.0494,128.027,4,0.844,3.15625
7qCVgOCMrIGgNY0IgFcoYQ,ЦУНАМИ,Oxxxymiron,0.085,0.588,0.892,164523,0.0,11,0.216,-3.905,1,0.0587,82.995,4,0.711,2.74205
00Blm7zeNqgYLPtW6zg8cj,One Right Now (with The Weeknd),Post Malone,0.0361,0.687,0.781,193507,0.0,1,0.0755,-4.806,1,0.053,97.014,4,0.688,3.2251166666666666
44zGAo63hhc3xo0rlBweRo,Cheers Darlin',Damien Rice,0.697,0.549,0.112,350227,0.000507,9,0.165,-17.846,0,0.0482,113.552,3,0.103,5.837116666666667
30KctD1WsHKTIYczXjip5a,Tequila Shots,Kid Cudi,0.084,0.712,0.556,193293,5.04e-05,5,0.527,-7.214,0,0.0531,90.494,4,0.22,3.22155
2N3U8uTYhjX2KwGT0pf5x0,"Everyday (feat. Rod Stewart, Miguel & Mark Ronson)",A$AP Rocky,0.00996,0.394,0.661,260987,0.0,4,0.343,-8.684,1,0.192,149.818,4,0.335,4.349783333333333
0bN7DynJGpsFsUyh75Txjg,Прыжок веры,Horus,0.203,0.875,0.683,170667,0.0,6,0.0686,-4.53,0,0.249,90.003,4,0.743,2.84445
7pno2SdekgAtRiRVxCgtJK,CORRIDA,Куок,0.0468,0.715,0.766,195313,2.68e-06,2,0.117,-6.235,1,0.253,144.964,4,0.486,3.2552166666666666
0zABdMmC5LcHpT2EFjBzEm,кукольный дом,Playingtheangel,0.056,0.801,0.737,152727,1.19e-06,10,0.0691,-6.03,0,0.217,98.964,4,0.845,2.54545
4RPXJzgyrNjy2g8CZXL3ZG,"Something Real (Did You feel It, Too?)",Oren Lavie,0.413,0.239,0.316,218827,0.00012,0,0.113,-11.941,0,0.0486,69.534,4,0.114,3.647116666666667
3onYsG7nB3FwEVHYYWCrIM,No Child Left Behind,Kanye West,0.00632,0.161,0.327,178061,0.792,1,0.138,-8.059,0,0.0341,135.382,3,0.0815,2.9676833333333335
2ZUJsR8HEktit58X6FuPQM,Heaven and Hell,Kanye West,0.0409,0.764,0.422,145301,0.0,0,0.152,-7.265,0,0.119,82.986,4,0.268,2.421683333333333
2gbMPBrBVj3CuNTLp2dHYs,Off The Grid,Kanye West,0.0438,0.546,0.64,339250,0.0,8,0.137,-5.582,1,0.37,137.728,4,0.63,5.654166666666667
0Zm7NKJgoKY6ZWwtoEUILK,Praise God,Kanye West,0.00904,0.798,0.545,226653,9.48e-05,1,0.258,-6.466,1,0.168,118.029,4,0.212,3.77755
0RbW8kWozrVSIGb4V13o0o,Hurricane,Kanye West,0.0466,0.587,0.561,243187,0.0,0,0.109,-6.569,1,0.146,80.009,4,0.351,4.053116666666667
7cf6eDkymrZaQNAoZBjq9C,Дома,ZOLOTO,0.15,0.859,0.668,152935,0.0374,1,0.11,-8.396,1,0.0371,124.061,4,0.497,2.5489166666666665
4u2jCma9zHR59lfKxBIOoy,toothless,100 gecs,0.0266,0.666,0.711,157360,0.0138,1,0.301,-6.089,1,0.0483,100.036,4,0.911,2.6226666666666665
3S58HTYrXmqGfhe6yh2XVO,Зверь,Kristina Kosheleva,0.000627,0.524,0.839,202243,0.00062,11,0.265,-3.589,0,0.0345,139.941,4,0.376,3.3707166666666666
58ZtTGuySqYHlquNK2ryyI,Vortex,Nick Cave & The Bad Seeds,0.0849,0.38,0.606,278147,0.00776,4,0.0731,-8.372,0,0.0406,174.447,4,0.421,4.635783333333333
45VG6m5fYU3rIMT7dnBq9h,Brick England,Jean-Michel Jarre,0.0297,0.539,0.837,241013,0.0347,1,0.0979,-6.812,1,0.0357,112.006,4,0.393,4.016883333333333
7szuecWAPwGoV1e5vGu8tl,In Your Eyes,The Weeknd,0.00285,0.667,0.719,237520,8.1e-05,7,0.0736,-5.371,0,0.0346,100.021,4,0.717,3.958666666666667
6OGogr19zPTM4BALXuMQpF,Take My Breath - Single Version,The Weeknd,0.0107,0.748,0.74,220196,2.18e-05,8,0.101,-6.01,1,0.0484,121.004,4,0.518,3.6699333333333333
5PjdY0CKGZdEuoNab3yDmX,STAY (with Justin Bieber),The Kid LAROI,0.0383,0.591,0.764,141806,0.0,1,0.103,-5.484,1,0.0483,169.928,4,0.478,2.3634333333333335
1w7WAOQ65UjKpwhqB5rTNl,Source,Fever the Ghost,0.0542,0.613,0.77,259067,0.0135,7,0.608,-10.304,0,0.0353,107.023,4,0.691,4.317783333333334
0uvwsZnr2Kbrhv0gm8FfPi,"tell me a lie, won't you",nctrn,0.0815,0.296,0.662,205672,0.000174,2,0.135,-4.379,0,0.0453,97.013,4,0.103,3.4278666666666666
7MbBZT8KM2RFxDMXTvaRnk,Vestige,VIQ,0.0035,0.496,0.606,194667,0.742,4,0.163,-10.407,0,0.0425,89.95,4,0.0837,3.24445
7HMz8o0m7ASQ3ImFPfhWTY,CORALINE,Måneskin,0.0299,0.363,0.678,300413,0.0,2,0.324,-4.939,0,0.0995,162.124,4,0.321,5.006883333333334
39TGRbTSAIk0nrsTZo9roK,Веселей,Skryptonite,0.0329,0.904,0.697,218155,0.0,1,0.0955,-7.005,1,0.308,92.545,4,0.303,3.6359166666666667
5LvQxdpf7SPx0ZkpkftwwN,Terrapin,Ben Beal,0.0273,0.647,0.668,173182,1.47e-06,1,0.054,-7.022,1,0.18,87.963,4,0.72,2.8863666666666665
5KNq33xonNuXuzGyIBvhrs,Careful,Handbook,0.655,0.465,0.619,131000,1.24e-06,7,0.0883,-6.9,0,0.163,90.926,4,0.419,2.183333333333333
57CL8B4evdteoj7aIkzEZc,i don’t mind,demxntia,0.788,0.331,0.599,188571,2.43e-06,11,0.155,-6.832,1,0.0904,77.42,4,0.49,3.14285
5LYEVTjL2KCJuDUDjUl69n,Lonely,The BREED,0.289,0.647,0.734,138491,0.00296,0,0.453,-3.56,0,0.306,154.025,4,0.279,2.3081833333333335
1aBettOr79Ze27sceoL6U9,Feeling High,The Mouse Outfit,0.377,0.732,0.42,224374,0.0493,10,0.313,-3.505,0,0.0856,83.021,4,0.49,3.7395666666666667
7gCuKTyBb5nurNalzs0Hvp,"Supersonic (My Existence) [with Noisia, josh pan & Dylan Brady]",Skrillex,0.0145,0.487,0.669,167253,0.00349,9,0.102,-6.473,1,0.232,172.026,3,0.0573,2.78755
0nOH95z7nnG747bZQOVP5v,Колёса,NAKED MAD GOD,0.0499,0.854,0.629,163153,0.00173,6,0.179,-6.042,0,0.244,109.975,4,0.539,2.7192166666666666
4ijxorNUqbo0ADwXylwVEw,Схожу от тебя с ума,Lida,0.00322,0.688,0.809,266667,7.88e-06,0,0.137,-6.903,0,0.0398,126.085,4,0.485,4.44445
2SGZmcm0WTf84i4VqzUl1p,Candy Flip,Eldzhey,0.0784,0.77,0.718,142974,0.0733,9,0.322,-7.807,0,0.135,150.044,4,0.421,2.3829
1YTrqmkSXc4GeoqWUUykNI,Последний дождь,Horus,0.0553,0.7,0.729,211862,0.0,7,0.101,-6.341,1,0.182,144.972,4,0.234,3.5310333333333332
0VUOytJll13iXwUqe3vEbp,Тук тук,Катя Панк,0.897,0.795,0.398,124898,0.0,4,0.128,-10.688,0,0.0882,97.988,4,0.433,2.0816333333333334
6bMhau29WoIMtIwGpmSj5Y,SHOW,MORGENSHTERN,0.0639,0.961,0.678,98041,0.0,11,0.35,-5.182,0,0.0665,104.028,4,0.783,1.6340166666666667
20jYtEun4dUdYZ9foaOC48,My Humps,Black Eyed Peas,0.111,0.802,0.682,326960,1.39e-05,1,0.109,-5.924,0,0.222,123.95,4,0.586,5.449333333333334
3X0dHHr15Yy8q0XSNPLXzJ,The Flight Of Magorium,Alexandre Desplat,0.955,0.173,0.0575,285453,0.903,5,0.0719,-18.431,1,0.0418,120.678,4,0.0544,4.75755
1SB4KXJ8ELuR0htg97LJZp,Paralyzed,LANDMVRKS,0.608,0.481,0.326,216100,1.41e-05,1,0.0939,-10.149,0,0.047,149.971,4,0.255,3.6016666666666666
0rJ0G0gJomdi076uYy4c6A,Тебе лучше не знать,Tima Belorusskih,0.111,0.809,0.422,184615,1.56e-05,4,0.107,-9.712,0,0.077,129.961,4,0.549,3.0769166666666665
7fGYhkuFS49BeUOZFlbXgS,фальшивые,Aikko,0.00242,0.676,0.657,201874,0.000213,10,0.107,-6.09,0,0.0362,119.988,4,0.196,3.3645666666666667
6GURMdS3fdXFKp69q6G2or,Оставь нас,Обстоятельства,0.0954,0.75,0.495,170000,1.31e-05,11,0.0818,-8.354,0,0.0474,119.971,4,0.656,2.8333333333333335
7FCbmhzE0Bpq6rwuA6wzIj,Different,Ernesto Zatknites,0.0527,0.482,0.905,222746,0.0,5,0.101,-5.431,0,0.19,72.416,4,0.334,3.7124333333333333
6Sd7t9uPqqAJoIkiInOG38,Обратно (feat. Eecii MC Fly),ATL,0.348,0.815,0.825,223304,0.0411,8,0.0911,-4.148,1,0.0894,115.005,4,0.324,3.7217333333333333
1q1T0TbFO2fWkDmgCKwTB0,Epiphany,Trent Reznor and Atticus Ross,0.936,0.309,0.0423,228000,0.856,0,0.0643,-27.865,1,0.0423,69.943,4,0.0396,3.8
40GkSJZR1EzC8jJsUNw7C3,Костёр,Horus,0.319,0.803,0.596,194000,0.000533,10,0.115,-7.759,0,0.246,76.007,4,0.323,3.2333333333333334
6T6cba9zo8RXYoOiM96D3u,Halo of the Gone,Cold In May,0.00173,0.588,0.858,248693,0.0197,4,0.125,-5.354,0,0.035,107.999,4,0.377,4.1448833333333335
47Yq1JXX1QhxU3WLsDbQwG,Космический мусор,Horus,0.57,0.659,0.646,183000,0.000334,1,0.154,-8.575,0,0.272,80.017,4,0.365,3.05
5tQlQbsHUNe83kJjI4PPrT,Одинокий каннибал,Loqiemean,0.00845,0.395,0.639,208236,0.112,1,0.123,-5.17,0,0.0589,84.985,4,0.0765,3.4706
77yYxfpXB64ktXPVdU9xcF,Хоровод,Loqiemean,0.019,0.531,0.956,349200,0.000191,11,0.0507,-3.964,0,0.0854,175.074,4,0.199,5.82
3aqvmDYEfl6UsNNY5aXu8p,Удочка для охоты,Loqiemean,0.166,0.644,0.844,170165,0.0929,10,0.0804,-5.353,0,0.261,189.9,4,0.664,2.8360833333333333
2tZdQQAd8TPdHo86nLM0q3,Бумеранг,Markul,0.259,0.785,0.63,146800,2.75e-06,6,0.109,-6.741,0,0.156,150.038,4,0.516,2.4466666666666668
2DYfqhLc12IFOsIvXzV1Ma,UFO LUV,GONE.Fludd,0.408,0.78,0.727,213704,0.0,1,0.0987,-7.891,0,0.35,100.163,4,0.532,3.561733333333333
1rko059TD4fUnN2aW2s4FQ,Метафизика,Anacondaz,0.0109,0.623,0.873,262613,8.67e-06,5,0.0977,-4.225,1,0.0686,129.983,4,0.762,4.376883333333334
5V1yFtT4ReyOupoHvykaBd,Прорубь,Loqiemean,0.00438,0.681,0.873,215129,0.000933,1,0.0572,-4.514,1,0.0406,119.992,4,0.586,3.5854833333333334
3Rsg5ahRcf2NRGkFBEbtfK,"i miss you, i'm sorry",nctrn,0.079,0.471,0.655,205672,6.98e-05,5,0.0947,-4.284,1,0.0377,97.942,4,0.0724,3.4278666666666666
5EszNbXUwR7ZmdKjNgYvij,Весь в отца,Truwer,0.221,0.706,0.585,230667,0.0188,2,0.115,-7.383,1,0.428,110.122,4,0.471,3.84445
2OpEjOrVbb3BxpU2n4h6QV,Sycamore Trees,Jimmy Scott,0.846,0.361,0.045,234507,0.00142,8,0.105,-19.74,0,0.0389,121.116,3,0.137,3.90845
0hX7JC9nK1sG42DbwJYxbG,Время,Mujuice,0.0236,0.865,0.757,214634,0.178,6,0.0655,-6.831,0,0.207,123.039,4,0.32,3.5772333333333335
0zVglWcR3QWtYW999ZKfVv,Вояджер-1,Noize MC,0.132,0.63,0.729,214556,0.0,2,0.399,-7.95,0,0.06,125.004,4,0.481,3.5759333333333334
4eEE3wLAQvAkfvSkZmdSoR,Warning,Son Lux,0.988,0.354,0.203,182331,0.276,10,0.105,-16.921,1,0.0427,122.406,5,0.0397,3.03885
33gwZOGJWEZ7dRWPqPxBEZ,Wolves (feat. Post Malone),Big Sean,0.0978,0.724,0.675,199758,9.41e-06,2,0.351,-5.267,1,0.0867,160.048,4,0.325,3.3293
2R0GqpFchg0kLneRFpLRGn,Веснушки,pyrokinesis,0.117,0.481,0.726,208000,9.28e-06,10,0.0983,-5.73,0,0.155,180.244,4,0.46,3.466666666666667
6sLu3XOMoYKCN2CE3zE9nX,Могилам II,Slava KPSS,0.289,0.716,0.761,154179,0.0,9,0.0845,-4.81,0,0.359,94.011,4,0.434,2.56965
4Xi2Rn1ZOjXw9QAtUmROnc,Shining,Zoe,0.14,0.746,0.458,187500,0.0496,9,0.151,-10.782,0,0.04,92.992,4,0.681,3.125
0VisuG3eiI7QssKZT57GiC,ПАЦАНЫ II,GONE.Fludd,0.256,0.866,0.525,217355,0.0,8,0.129,-9.681,0,0.302,119.006,4,0.339,3.6225833333333335
1JdE8IP5f3MgFf8iy8E83v,Технокамикадзе,RAM,0.00678,0.725,0.906,191304,0.000544,5,0.437,-4.153,0,0.221,138.05,4,0.372,3.1884
2v97szfJibjtPDVt07e1fs,тиннитус,дима бамберг,0.00468,0.202,0.977,176161,0.0,1,0.0385,-1.666,1,0.148,82.546,4,0.495,2.9360166666666667
6i9xOCXl3uRIrrjTFqEIds,ХОЧУ УБЕЖАТЬ,STED.D,0.0866,0.491,0.698,189176,0.000707,0,0.112,-6.94,1,0.122,84.894,4,0.165,3.1529333333333334
09GSyzKeyOThTdESNeWIPZ,Kingdom in Blue,Kupla,0.659,0.524,0.238,201155,0.922,7,0.16,-11.163,1,0.0424,78.018,4,0.121,3.3525833333333335
0rcIlUPtm4QLTv4IfHTKCE,The Weary Blues,Langston Hughes,0.765,0.538,0.225,189753,1.63e-05,3,0.117,-12.098,1,0.0525,118.292,4,0.314,3.16255
5STBtVnhbT5dqFCiS9DIOu,ВОТ ПОЧЕМУ НЕ ЗАВОЖУ СЕБЕ ДРУЗЕЙ,STED.D,0.0922,0.67,0.79,184865,4.61e-06,1,0.0823,-3.728,0,0.121,148.004,4,0.362,3.0810833333333334
5ngcReHEY4qenU3ujHDI0O,Do I Rly Luv U,Enluv,0.286,0.474,0.385,126942,0.0826,0,0.114,-11.055,0,0.134,60.539,4,0.595,2.1157
0yarPckxrnj2yCHLLtPiIg,Браслеты,ATL,0.478,0.723,0.759,228923,0.222,11,0.0986,-7.811,0,0.353,130.04,4,0.274,3.815383333333333
1Im2GmJSctWJUTnUZt0n2G,Один,LSP,0.222,0.57,0.583,252886,0.0,0,0.119,-4.133,0,0.0555,148.866,4,0.292,4.214766666666667
0JjajaJr0tE2xbyh6XhMOv,Никогда,Maro Noir,0.159,0.805,0.267,244516,0.00772,1,0.105,-15.44,0,0.0578,93.038,4,0.118,4.075266666666667
6up2vjmNtin46NE8lVx2dE,Дороги,Maro Noir,0.869,0.639,0.447,245743,0.23,8,0.106,-11.426,1,0.105,84.999,4,0.289,4.095716666666666
616pXKwKYgp1F6vbTXcFW1,Прощай,Maro Noir,0.929,0.297,0.461,211724,0.225,4,0.0996,-11.001,0,0.068,166.523,3,0.39,3.5287333333333333
7pM9cLbrgRGX1hHElTX92m,Acid Rain,Lorn,0.0165,0.408,0.497,172473,0.603,11,0.414,-7.515,0,0.0352,55.803,4,0.0961,2.87455
0DnBFBpFqsCqcE9y83RPoH,Pale Yellow - A COLORS SHOW,Woodkid,0.366,0.526,0.381,176653,0.00666,7,0.385,-10.708,1,0.0432,120.988,4,0.0386,2.9442166666666667
3k1KpObrz78fyT1vGglFNm,Парный дурак,LSP,0.388,0.781,0.739,169255,0.0,8,0.0945,-5.03,0,0.193,80.995,4,0.592,2.8209166666666667
5TrifksTeX5ICv4WCChYVQ,Ууу,LSP,0.496,0.659,0.648,168429,4.92e-05,4,0.228,-5.908,0,0.066,123.973,4,0.141,2.80715
1szfpw4s6IzwA0gBLSVqak,Маловер,Horus,0.0686,0.774,0.755,164393,0.0,2,0.174,-6.967,1,0.0948,104.998,4,0.0779,2.7398833333333332
0Pp3ljWWRpoDnExqvjvIvs,Люцифер,Husky,0.138,0.852,0.583,176839,2.75e-06,8,0.279,-8.585,1,0.324,152.049,4,0.591,2.9473166666666666
1uakmd92PCdne5EliFZlJk,Бесконечный магазин,Husky,0.00739,0.79,0.693,157225,3.49e-05,8,0.312,-7.578,1,0.21,100.05,4,0.544,2.620416666666667
4O3CibljFXrdqOdPIBZ77M,Интервью,Skryptonite,0.272,0.886,0.582,176625,8.53e-06,1,0.221,-8.627,1,0.446,113.026,4,0.646,2.94375
6n9cMCrPoHk7q9hnxa9Vqp,Источник,polnalyubvi,0.0428,0.281,0.435,209439,0.656,6,0.0567,-9.741,0,0.0369,125.939,4,0.0399,3.49065
7CI5GaXYK9QwaowodWIbwX,Кометы,polnalyubvi,0.42,0.26,0.549,212672,0.00194,8,0.118,-6.353,1,0.0409,123.48,1,0.0953,3.5445333333333333
4YNDUeqoFOd3b4ct6hLVzG,OYAN - Bonus Track,104,0.293,0.554,0.328,215187,0.472,6,0.089,-13.108,1,0.134,99.945,4,0.183,3.58645
589aDaLPfP1KW437FWlAam,Мой любимый погребок,pyrokinesis,0.218,0.499,0.653,164153,0.0,6,0.392,-7.85,0,0.322,98.136,4,0.351,2.7358833333333332
1Da8H2NqexOUYKWFb3PPnS,Due Tramonti - Remastered 2020,Ludovico Einaudi,0.969,0.112,0.106,295253,0.917,2,0.114,-18.242,1,0.0438,175.24,3,0.0647,4.920883333333333
5JQhVT5B9VTJg8WKoZ980d,Забил,ATL,0.22,0.851,0.677,192000,0.0,8,0.105,-6.441,1,0.143,119.997,4,0.627,3.2
4eyxQzQzWozclwxI9UCZzU,Чудак,Splean,0.279,0.634,0.57,149133,0.0,2,0.13,-9.085,1,0.0331,104.901,3,0.163,2.48555
15egmDkCQ27CJHQHLxMC5J,Daylight,Joji,0.00415,0.533,0.749,163906,5.31e-05,7,0.0933,-7.634,1,0.0478,163.93,4,0.769,2.7317666666666667
0GjEhVFGZW8afUYGChu3Rr,Dancing Queen,ABBA,0.358,0.543,0.87,230400,0.000939,9,0.792,-6.514,1,0.0428,100.804,4,0.754,3.84
2oQNF3kcBWegNSlepC7Ro5,Ты это серьезно?,Skryptonite,0.0998,0.899,0.601,197664,0.0,10,0.106,-6.185,1,0.1,102.02,4,0.129,3.2944
4nPt9RM5i4EJNtkzafAVNF,Hunger of the Pine,alt-J,0.778,0.363,0.418,299711,0.0253,7,0.109,-9.558,1,0.0305,93.653,4,0.0704,4.995183333333333
4JvclO8lNugobD1afavcYS,Nantes,Beirut,0.782,0.437,0.533,230200,0.0142,1,0.134,-9.552,1,0.0426,131.155,4,0.638,3.8366666666666664
1VJG6lV1jEyaELz8D0QsVj,Смотрящий,Husky,0.147,0.869,0.55,181935,0.00447,1,0.0756,-10.788,1,0.14,92.997,4,0.0536,3.03225
6J23SZVFYfFtvmCjbczqU5,A toi,Joe Dassin,0.352,0.698,0.668,170893,1.42e-06,9,0.122,-9.45,0,0.0582,128.94,4,0.882,2.8482166666666666
7njVyqzN7SfrGHvOo4hXGX,Soulsides,Art Farmer,0.258,0.559,0.273,268705,0.0669,5,0.0727,-16.45,1,0.0294,78.154,4,0.55,4.478416666666667
5kRR8K3k0rBgH2cDrhgENV,Formidable,Stromae,0.126,0.489,0.706,214678,0.0,4,0.244,-6.534,0,0.212,67.012,4,0.559,3.5779666666666667
6J6FXmYrMxg93mBxkugUlI,Easy,Son Lux,0.345,0.602,0.304,240760,0.0238,2,0.0969,-9.948,0,0.0736,73.329,4,0.156,4.012666666666667
4y6jjdklWYLDCIBsj3RMQZ,and she was,Carlos Cipa,0.995,0.279,0.0428,443483,0.924,4,0.0767,-28.434,0,0.0317,100.031,4,0.186,7.391383333333334
6UjtG0uNQHh3FCzBO0i6JI,Черное дерево,Zwyntar,0.0274,0.607,0.823,183539,9.78e-06,11,0.0669,-4.531,0,0.0305,122.987,4,0.277,3.0589833333333334
5Pf5HwjqLAbYDVBQU7H7Oz,I'll Keep Coming,Low Roar,0.0372,0.332,0.596,352347,0.413,9,0.298,-5.607,0,0.0521,140.104,4,0.0996,5.87245
6SAxZVn2L3IsSXf5iQrnwK,BB's Theme,Ludvig Forssell,0.227,0.282,0.428,316520,0.000158,1,0.0897,-9.812,0,0.0311,83.608,4,0.0392,5.275333333333333
6IBCA5bu9eIBOsaoO0MqJj,Yellow Box,The Neighbourhood,0.0776,0.598,0.575,182760,0.798,0,0.0925,-11.6,0,0.0484,106.972,4,0.268,3.046
5ZawGS5kFVVxEZrN7FshIk,Cherry Flavoured,The Neighbourhood,0.23,0.617,0.574,208453,0.0105,6,0.0983,-9.768,1,0.0276,91.769,4,0.396,3.4742166666666665
4B7gz5axU0OCf8ON9zz3EJ,ЕДАЛО,НЕДРЫ,0.175,0.887,0.526,148762,4.45e-05,1,0.102,-6.68,1,0.191,139.912,4,0.161,2.4793666666666665
7dvlvKonHN5x9ddPupfQb2,Бесплатная еда с могил,appledream,0.257,0.482,0.702,208193,0.000129,10,0.0933,-5.314,1,0.173,83.037,4,0.0642,3.469883333333333
04RVcCVjGJjOA21RwgTUQb,Гвозди,Loqiemean,0.0621,0.905,0.741,145719,5.25e-05,5,0.357,-4.774,0,0.156,139.997,4,0.82,2.42865
1bQ84P9T5LcktSszK6Zq0y,Родители такому не научат (1 часть),RAM,0.00751,0.726,0.793,211712,0.000449,4,0.179,-6.119,0,0.171,110.054,4,0.445,3.5285333333333333
7KAaXsExk6GDpcabEHRniu,Black Flies,Ben Howard,0.44,0.581,0.36,381507,0.00589,8,0.0924,-13.174,1,0.0289,132.469,4,0.107,6.35845
3fJIVMpZwAyi1jl9FJPsYV,На щите,Ка тет,0.388,0.9,0.749,162558,0.000648,2,0.109,-7.016,1,0.281,124.038,4,0.492,2.7093
2UilfwGe6mu92dXQjni2gk,Lullaby for Yasha,Evgeny Grinko,0.98,0.351,0.0313,143107,0.945,0,0.145,-23.658,1,0.037,111.687,4,0.271,2.3851166666666668
49Y8paEvzLZO0twSifXXcJ,Холода,Грязь,0.141,0.706,0.558,243769,0.0,8,0.611,-7.945,0,0.0735,115.054,4,0.375,4.0628166666666665
35UQEmfW1ORivpoix9jTaW,Перемен,Грязь,0.0483,0.369,0.487,277504,0.0,8,0.0891,-8.739,0,0.131,62.028,4,0.222,4.625066666666667
3LqvFP86vmTDkFYzLpz1w5,Вебкам модель,Овсянкин,0.68,0.491,0.64,137805,0.00444,10,0.172,-8.41,1,0.134,99.345,4,0.126,2.29675
75BGF4LC7AOLFfxn6ukZDH,Sex Metal Barbie,In This Moment,0.0139,0.533,0.935,262493,0.0,0,0.168,-3.704,1,0.128,140.092,4,0.481,4.374883333333333
7qzNc93sUMR3vHt5WADmOa,Blood,In This Moment,0.012,0.534,0.95,207587,1.91e-06,9,0.413,-2.712,0,0.161,140.071,4,0.527,3.459783333333333
6lMdX9gOmZcYHAKobXgmi0,Burn,In This Moment,0.00266,0.352,0.82,284333,0.00406,4,0.0985,-5.297,1,0.0584,146.108,4,0.0388,4.738883333333333
5m5rShfBQk4UpG7vpsEKzf,Minor,Miyagi & Andy Panda,0.593,0.759,0.67,175800,5.99e-06,9,0.0984,-6.763,0,0.0708,99.948,4,0.49,2.93
0thwmx7fPtvzOwRwe4emu4,Medicine,Miyagi & Andy Panda,0.218,0.523,0.727,217732,0.00105,9,0.0672,-8.173,0,0.0958,96.89,4,0.525,3.6288666666666667
0QOiEQHCuDkeKJ18NP5ZT0,Идеальный пациент (1 часть),RAM,0.00627,0.627,0.815,168250,0.0,5,0.704,-5.92,1,0.144,77.033,4,0.735,2.8041666666666667
18KR8RMZKJktNilaxBs5DN,Оазис,Everthe8,0.105,0.693,0.551,217000,0.0,8,0.115,-7.771,1,0.242,119.931,4,0.491,3.6166666666666667
3x1WcuJiT8MdNCqoQoP36B,Вторник,SALUKI,0.0116,0.634,0.488,188330,0.000876,8,0.434,-8.002,0,0.0447,130.174,4,0.104,3.1388333333333334
1hDgKeEHxLnQ9iRy6Ro1px,I Lost a Friend,FINNEAS,0.587,0.453,0.209,237020,0.0,11,0.119,-11.917,1,0.223,169.316,4,0.216,3.9503333333333335
5qVV3IVh4Ir5t9SXJHkq1e,Atlas - From “The Hunger Games: Catching Fire” Soundtrack,Coldplay,0.653,0.278,0.418,236307,0.704,11,0.103,-8.431,1,0.0294,136.252,4,0.103,3.93845
6VtcgrVYo2xfygcWAfRpd1,The World Is Ugly,My Chemical Romance,0.0047,0.447,0.781,294680,3.4e-05,11,0.0976,-4.801,0,0.0314,96.004,4,0.102,4.911333333333333
6ZTshk28HhgUCp8L5AdXRp,В темноте,Noize MC,0.38,0.744,0.643,206766,0.0,6,0.116,-8.527,0,0.186,130.053,4,0.638,3.4461
3Yg9uNZedu1qoZk0jcjqIB,Детки,Lumen,0.204,0.687,0.492,201639,0.0,7,0.0806,-7.153,0,0.0264,139.996,4,0.275,3.36065
41bGn6u78I8eNZg86tx3vp,Москва любит...,Skryptonite,0.0484,0.741,0.459,205677,0.00289,2,0.293,-9.046,1,0.157,76.996,4,0.125,3.42795
383QXk8nb2YrARMUwDdjQS,Psycho,Muse,0.00114,0.555,0.883,316718,0.041,2,0.868,-3.426,1,0.0341,125.02,4,0.507,5.2786333333333335
1ExGMGnvWFASv2EuMyVjc4,Inside Your Harmony,Alim Zairov,0.93,0.273,0.156,240005,0.736,0,0.238,-15.595,1,0.033,99.774,3,0.0691,4.000083333333333
1KcOU0q9AMXV9xi4tSzzCc,Posthumous Forgiveness,Tame Impala,0.0508,0.367,0.613,366067,0.00171,7,0.282,-5.646,1,0.0297,153.978,4,0.0966,6.101116666666667
22LHIaxcDvOuBkKcKTM226,The Phoenix,Lindsey Stirling,0.00451,0.347,0.835,244817,0.874,7,0.291,-5.097,0,0.0311,148.217,4,0.135,4.080283333333333
2QjOHCTQ1Jl3zawyYOpxh6,Sweater Weather,The Neighbourhood,0.0495,0.612,0.807,240400,0.0177,10,0.101,-2.81,1,0.0336,124.053,4,0.398,4.006666666666667
2IDaK5cGlbUQ69UAYUkMda,Il Mostro,Sergio Panarella,0.973,0.344,0.278,206760,0.0193,2,0.0817,-9.81,0,0.0329,96.23,3,0.125,3.446
5053GzLmkZANIRAytqwfRL,Mutter,Scala & Kolacny Brothers,0.988,0.331,0.201,237480,0.619,3,0.1,-13.799,0,0.0376,103.842,4,0.059,3.958
4C11fsOR3N1GZ0dttOy4pR,Wasted Years,Cold,0.0496,0.462,0.574,247040,0.0,8,0.145,-6.516,1,0.0259,87.029,4,0.128,4.117333333333334
0TkIK3UKXWROzaK4vJfOoo,Pieces,Sum 41,0.00532,0.443,0.837,181600,0.00821,5,0.309,-5.041,1,0.032,99.928,4,0.579,3.026666666666667
2pBueCZ7sjIFuA5t4rYbsO,Herr Mannelig,Ofdrykkja,0.981,0.614,0.143,419067,0.803,9,0.114,-18.164,0,0.0267,119.48,4,0.112,6.98445
0p1IPSa7u7REnzAoKn5ywa,Heart-Shaped Box,Nirvana,0.0875,0.493,0.773,279187,0.0111,1,0.0869,-6.979,1,0.0532,99.697,4,0.361,4.653116666666667
1KiwfeFNt2cftrJ5xU5IJm,I Apologize,Five Finger Death Punch,0.00068,0.505,0.929,242956,0.0,9,0.167,-4.69,0,0.0529,77.991,4,0.419,4.049266666666667
3QwTBtt2eSrzCz5jLZnfHP,Свинцовое одеяло,Мёртвые Дельфины,0.0384,0.634,0.527,230533,4.04e-05,2,0.0966,-12.901,0,0.0325,130.019,4,0.397,3.842216666666667
3cItU6HGzHx490PIZMrO9P,Into the Arms of Strangers,The Atomica Project,0.898,0.774,0.34,235625,0.215,6,0.11,-10.407,1,0.0388,115.924,4,0.0397,3.9270833333333335
6MmrsjDVNHtsL3qDD5IOlu,так за кого же болеть на этой земле и кого любить?,maslo chernogo tmina,0.89,0.666,0.622,157335,0.909,8,0.607,-8.926,1,0.0338,115.138,4,0.351,2.62225
5xKQMOijwRHIMTdZRl7LKS,больше/меньше,maslo chernogo tmina,0.431,0.466,0.48,148924,0.0,6,0.137,-10.67,0,0.0532,62.01,4,0.0766,2.482066666666667
7IUyCR5GqxoE0VwELVmwFM,Под небом салатовым,ATL,0.405,0.632,0.67,186818,0.029,8,0.127,-7.917,0,0.324,87.969,4,0.542,3.1136333333333335
0mtpJPQ0a51xb9PHKtJbOi,Шинель,Ernesto Zatknites,0.62,0.703,0.369,182387,0.00549,9,0.106,-11.038,0,0.293,79.923,4,0.378,3.0397833333333333
2Wc7ZNCdbagVGtlIDvOlvh,00:00 Midnight,Jonathan Ogden,0.68,0.584,0.573,151227,0.912,6,0.109,-16.01,0,0.0366,120.01,4,0.177,2.52045
0mCHlHqrEdpJsmbu8F2tgy,narco,maslo chernogo tmina,0.39,0.455,0.686,403696,0.00375,4,0.11,-9.746,1,0.0942,131.743,4,0.304,6.728266666666666
6gpdcZKZJLrhdcRTSItl5Q,Time is Running Out,Muse,0.00252,0.585,0.843,237040,0.00689,9,0.0866,-5.883,0,0.0557,118.21,4,0.427,3.9506666666666668
3grxcua8CiooJX0zaQYaUm,The Sound of Silence,Disturbed,0.464,0.215,0.278,248467,1.1e-06,9,0.102,-9.359,1,0.031,166.388,4,0.178,4.141116666666667
2nmL3Tb25nvkUnwjwmL0Sq,Inside the Fire,Disturbed,5.24e-05,0.458,0.951,231040,0.129,7,0.0919,-7.321,1,0.0619,94.016,4,0.609,3.8506666666666667
0QU2uSi0Jwkb41CQXZwwSM,Сонник,Краснознаменная Дивизия Имени Моей Бабушки,0.0435,0.674,0.705,242993,8.9e-05,1,0.112,-7.333,1,0.0341,135.037,4,0.1,4.049883333333334
0VJYAiu5uZzOCBPSqDrjJq,По краю острова,Ploho,0.00227,0.494,0.942,221395,0.957,11,0.358,-5.414,1,0.0778,144.947,4,0.515,3.6899166666666665
0cly8Vmk7mRkAS1H3EVN2p,Sell Me A Coat,David Bowie,0.745,0.578,0.262,179000,0.0,7,0.134,-14.894,1,0.0455,125.472,4,0.486,2.9833333333333334
0dOEPCP3oInE7KaeFFX8g9,Все сгорает,Гр. Полухутенко,0.792,0.634,0.376,160027,0.0,2,0.165,-8.345,1,0.0331,66.72,4,0.517,2.667116666666667
0DPKzksU9qfgExbtCoJhKZ,Fantastic Planet (Bonus Track),Soko,0.213,0.453,0.63,230400,0.198,7,0.333,-7.643,1,0.0353,124.002,4,0.367,3.84
0YnQTJLmny0bB6e5fWyCOO,Sign of the Times - Piano Version,Michael Forster,0.993,0.267,0.0413,167480,0.891,0,0.083,-27.558,1,0.048,135.012,4,0.0693,2.791333333333333
0NmsRjlFu58rBBljR7Jgly,Chi mai,Ennio Morricone,0.484,0.367,0.113,209160,0.921,6,0.0673,-14.629,0,0.0325,96.419,3,0.114,3.486
0hPgElEJvkBF4bv362mngr,Underground,Mujuice,0.462,0.62,0.713,164618,0.332,7,0.0715,-8.56,1,0.0341,140.038,4,0.603,2.7436333333333334
1M2Rzo2D1axnu4qIPz8Ogm,"Девочка, наступившая на хлеб",Краснознаменная Дивизия Имени Моей Бабушки,0.496,0.509,0.846,252186,0.0261,11,0.142,-6.973,0,0.0386,153.513,4,0.346,4.2031
2tA9H4k5marw9LrUVRhPdi,Ok,véro,0.0252,0.577,0.648,163000,0.0449,0,0.125,-9.025,1,0.0297,142.069,4,0.471,2.716666666666667
3rfytf2ILkVXQQ5piu5olP,Nectarines,General Vibe,0.514,0.412,0.422,184812,0.0136,11,0.117,-9.668,0,0.0649,105.099,4,0.122,3.0802
3vIlnG9R3WboUOC1Obs7SY,Alternate World,Son Lux,0.707,0.325,0.411,254573,0.0756,11,0.104,-9.751,0,0.11,81.827,4,0.255,4.242883333333333
3vQ6QGByT4WqNMKIuVd4m7,Dobro,Gruppa Skryptonite,0.802,0.289,0.329,212261,0.0356,3,0.124,-11.199,0,0.0359,143.262,1,0.158,3.5376833333333333
5ymXoBuoC3mfBmXuqlG57a,Great Gosh A'mighty,Little Richard,0.0575,0.471,0.868,289760,0.0174,0,0.122,-12.21,1,0.0682,165.675,4,0.694,4.8293333333333335
6WkdCFosnWQU66qZHlJKsx,Corale,Ludovico Einaudi,0.863,0.201,0.0332,125400,0.986,1,0.11,-29.063,1,0.0516,83.87,4,0.0315,2.09
6j75OkiEJ1xr4RXK9AmtOd,Ты и твоя тень,Увула,0.00507,0.454,0.859,223573,0.73,7,0.0755,-7.654,0,0.0533,164.983,4,0.472,3.7262166666666667
7FlOiDVejbWWNn4RIv3TX1,Встречная,Перемотка,0.233,0.64,0.821,241510,1.68e-05,0,0.141,-5.878,0,0.037,158.016,4,0.878,4.025166666666666
7fxIAwxz5bRKd6BzYELOjY,Сотни смятений,Сова,0.652,0.687,0.765,245220,0.00575,11,0.1,-5.797,0,0.0298,120.011,4,0.517,4.087
7xfWzi148nh0wqjDMhfojs,Самое высокое дерево,Yan Fisher & His Imaginary Band,0.692,0.386,0.466,213043,2.95e-05,8,0.102,-10.062,1,0.0574,151.457,4,0.187,3.5507166666666667
18iJlo9hMwtOIngFVuFQ34,My Silent Angel,April Rain,0.00347,0.262,0.941,296829,0.797,7,0.0646,-4.506,0,0.121,180.091,3,0.114,4.94715
22OUGOMnTqER1Sj7w7hgd7,Mountain Story,Yagya,0.146,0.513,0.501,254074,0.864,10,0.526,-14.002,0,0.0282,110.009,4,0.038,4.234566666666667
33X9miK4Xz7pNeVrc9RITG,Ready to Start,Arcade Fire,0.117,0.277,0.934,255907,0.0242,9,0.0692,-4.672,1,0.0382,188.797,4,0.519,4.265116666666667
4Q2OQIhvgPbapWr9G9hnPe,Evangeline,Handsome Furs,0.0422,0.704,0.629,220053,0.075,6,0.0959,-5.456,1,0.0405,135.047,4,0.591,3.66755
6IWus7F72nPU7ntF5I9lHF,Пропащий,Dasha Shults,0.133,0.73,0.553,201573,0.01,0,0.116,-8.945,1,0.027,108.011,4,0.0369,3.35955
6j3LeKaDXwJqoZsrZVClOi,клоун,тима ищет свет,0.205,0.712,0.49,175341,0.0,5,0.0995,-8.367,1,0.0659,87.011,4,0.153,2.92235
0nPybnv0enLfaxIbRMBGTk,Pass This On,The Knife,0.0274,0.745,0.833,228040,0.000522,7,0.0785,-5.884,0,0.0299,129.961,4,0.687,3.800666666666667
5bNOvmPao8Ettt9nLdgrsE,Искал тебя,Перемотка,0.000266,0.501,0.734,239966,0.512,4,0.085,-4.156,0,0.0288,82.507,4,0.2,3.999433333333333
5lk5ZZ5RMZMgMiHuixvZ97,Elenberg,Ручеёк,0.374,0.602,0.316,221649,1.11e-06,7,0.142,-8.268,1,0.0288,119.979,4,0.23,3.69415
44i4j1IxbokCD98K4Cxa6n,Death Theme,Ennio Morricone,0.9,0.123,0.0394,161867,0.934,9,0.107,-22.898,0,0.0395,148.53,3,0.0524,2.697783333333333
4x38eumqPKOe0yju4iDuUU,Волны,Molchat Doma,0.622,0.556,0.828,261057,0.799,4,0.267,-4.277,0,0.0406,119.995,4,0.201,4.35095
6gSKswfcoWvaadqvuMF3Y7,Colours,Grouplove,0.0211,0.529,0.83,257787,0.0,6,0.0983,-5.428,1,0.0397,93.933,4,0.318,4.29645
2edBWmBskHWayBX6vMJHzO,По шанхайским подвалам,Твин Пикс,0.129,0.508,0.862,182532,0.00473,2,0.149,-4.792,0,0.0377,77.016,4,0.57,3.0422
12ejK8qWoqyRaZTiuyjW0z,STFU,Raleigh Ritchie,0.196,0.432,0.234,227587,0.0,0,0.282,-9.252,1,0.0446,82.557,4,0.297,3.7931166666666667
3U1XeWkex79nWeapLbm8If,Песочница,Краснознаменная Дивизия Имени Моей Бабушки,0.0203,0.249,0.902,321323,0.0175,11,0.156,-6.847,1,0.0543,160.025,4,0.143,5.355383333333333
5Bu18wPhl48jh04vx1ELed,Красно-жёлтые дни,Kino,0.00776,0.701,0.755,350507,0.0215,11,0.0627,-12.411,0,0.0309,120.155,4,0.84,5.841783333333334
71BP8Gix6szIvVKdihZxWG,Stories We Lived,The Gagliano Strings,0.975,0.226,0.183,199725,0.807,7,0.127,-16.205,1,0.0423,84.719,4,0.207,3.32875
3bF7B34e3JLhmAXjU6TZNU,Железо поёт,Flëur,0.252,0.584,0.603,279275,1.58e-06,5,0.245,-7.58,0,0.0273,99.917,3,0.41,4.654583333333333
4tAroWdVxOsx5teIaZqEHm,Plastic Taste,Joji,0.987,0.33,0.16,120424,0.93,7,0.21,-11.647,1,0.0332,131.222,3,0.122,2.0070666666666668
6DONTnamNDOJdO6DzCu71p,Судно (Борис Рижий),Molchat Doma,0.699,0.484,0.749,141395,0.861,1,0.105,-4.176,1,0.0687,160.006,4,0.468,2.3565833333333335
1BHMsrXkPCgpviaTYrgZ5B,Астронавты,Краснознаменная Дивизия Имени Моей Бабушки,0.000603,0.282,0.539,305709,0.00419,4,0.118,-8.491,1,0.0285,92.384,4,0.0393,5.09515
1UlXBLTIDpklupIahzhX3D,ничего не будет,источник,0.434,0.518,0.792,253528,0.516,11,0.0949,-9.825,0,0.0401,104.989,4,0.495,4.225466666666667
2yDqvcETlhbozDH0aPZSoO,Тайфун,Samoe Bolshoe Prostoe Chislo,0.178,0.648,0.687,265945,0.507,4,0.134,-8.97,0,0.0304,96.015,4,0.351,4.432416666666667
5Au3Mf93LbyBvTZPVH34gZ,Travelled Road,Yagya,0.917,0.174,0.28,186567,0.969,3,0.413,-16.883,0,0.0318,79.198,4,0.23,3.10945
42VPPiVXPNMScexTrxHNOA,Who Am I,London Grammar,0.739,0.677,0.325,262467,0.000318,0,0.0812,-10.428,1,0.0449,137.058,4,0.2,4.37445
4gmzU1lObaLdStXFRcODhe,Здравствуй,Перемотка,0.211,0.417,0.862,413567,0.00183,3,0.0943,-3.296,1,0.052,93.1,4,0.205,6.892783333333333
787N2RX3InwNcwXsDpbXxW,How Are You,Soko,0.972,0.328,0.246,225947,0.148,7,0.121,-15.749,1,0.0284,92.104,3,0.292,3.7657833333333333
7D9QPGNBsxw1kI1QlgQNZg,cruel wind,Timmies,0.677,0.646,0.323,140451,4.27e-05,11,0.154,-10.724,0,0.0304,140.113,4,0.186,2.34085
4U7aRDrhYDpOM4UfXL8hSi,My Body Is A Cage - Oxford London Temple Version,Peter Gabriel,0.922,0.255,0.0662,363960,0.184,0,0.118,-14.589,0,0.0487,79.679,4,0.107,6.066
6yHVxtwq1lLA791UaE8YKk,"Time (From ""Inception"")",Hans Zimmer,0.989,0.296,0.0279,273693,0.89,7,0.102,-24.831,1,0.0439,139.949,3,0.0534,4.56155
6KYhAoGU4SXIzW8gFqgjOL,Зеленоглазое такси,Mikhail Boyarskiy,0.589,0.542,0.341,284166,0.000362,3,0.286,-14.404,0,0.029,104.607,4,0.589,4.7361
26zM4twMvX6ld5xCPH02fI,Старое кино,Перемотка,0.197,0.474,0.886,251557,0.0407,7,0.0688,-3.795,1,0.0609,186.98,4,0.718,4.192616666666667
5FXf4fO263dyy3WmVJe5vf,The Moment,Kenny G,0.644,0.269,0.371,360707,0.00367,10,0.164,-9.191,1,0.0336,181.315,4,0.195,6.011783333333334
61MJt8DGgDadH67v9mRUYo,The Man Who Sold the World - 2015 Remaster,David Bowie,0.642,0.474,0.387,241347,0.00557,2,0.143,-14.416,0,0.0305,118.486,4,0.545,4.02245
1QEghWHqjM819HYE3iqZW0,Et si tu n'existais pas,Joe Dassin,0.032,0.58,0.699,208013,0.000353,11,0.235,-7.334,0,0.0282,98.92,4,0.664,3.4668833333333335
3aHl74ctcELDYWDQvLbKLX,Starman - 2012 Remaster,David Bowie,0.166,0.486,0.449,254293,2.23e-06,5,0.54,-10.298,1,0.0267,100.456,4,0.549,4.238216666666666
3esvklLKEej56kihIzxMnn,Play With Fire - Mono,The Rolling Stones,0.188,0.571,0.413,135080,4.25e-05,11,0.154,-9.045,0,0.026,108.954,4,0.0936,2.251333333333333
0Ta7eLy9S4KMy1TOzwHcrw,Beyond The Invisible,Enigma,0.0529,0.435,0.705,304280,0.0152,7,0.436,-8.363,0,0.0337,98.988,4,0.167,5.0713333333333335
7KC1bws4uLYFIMBQ1YsCdS,Hourglass,Alim Zairov,0.966,0.383,0.227,194352,0.958,0,0.109,-17.773,0,0.0318,136.136,4,0.139,3.2392
0w3ijrVQ2Q4U0guO2WhKaE,Someday,Michael Learns To Rock,0.0218,0.527,0.902,245773,1.97e-06,2,0.113,-5.346,1,0.035,82.014,4,0.677,4.096216666666667
2Cb0aekZLZnTnZxKhwVazS,Voyageur,Enigma,0.00564,0.668,0.869,276467,0.706,9,0.115,-7.075,0,0.0646,121.439,4,0.488,4.607783333333333
4o1sZviUl5YHPPVs1Jv0I4,Gravity Of Love,Enigma,0.08,0.565,0.838,238867,0.3,1,0.0894,-8.109,0,0.0548,140.075,4,0.371,3.981116666666667
24yaR0CyO2oRISmeL2AvVj,Karma Police - Remastered,Radiohead,0.0397,0.389,0.577,261427,5.23e-05,7,0.107,-7.578,1,0.0276,74.551,4,0.367,4.357116666666666
74aIVANB0WtuaszMD8wvNl,На рекорд,s3xtape,0.0389,0.846,0.776,181936,0.0,11,0.0629,-4.958,0,0.212,123.954,4,0.53,3.0322666666666667
0yJF3zE5pxzNoK9kZl5Ru2,ВТОРНИК,GONE.Fludd,0.0806,0.816,0.518,112869,0.0,1,0.116,-8.532,1,0.0704,132.02,4,0.422,1.88115
6AAWFvNIXBzRZ1icffkS5K,Кома,Stevie Insane,0.504,0.677,0.631,196326,0.000359,8,0.112,-6.431,0,0.0539,115.056,4,0.25,3.2721
0usK6JIbpBPKicHvBLlXIQ,У моей мечты,Proyekt Uvechye,0.469,0.704,0.848,210573,0.0,5,0.103,-5.448,1,0.336,86.924,4,0.523,3.50955
0IW8l5L0GZetXw1FywhiqH,САХАРНЫЙ ЧЕЛОВЕК (PROD. BY SWIFTNESS2H),GONE.Fludd,0.279,0.587,0.614,165548,0.0,6,0.109,-6.791,0,0.601,122.817,4,0.598,2.759133333333333
19MzoGdb3XXpqyxW1HG4OP,Корабль дураков,Proyekt Uvechye,0.168,0.664,0.681,208379,0.0,1,0.317,-6.796,1,0.273,83.028,4,0.59,3.4729833333333335
0hQbeqsv31GOOAAnzhNasQ,Русская депрессия,Плейлист Венкова,0.077,0.698,0.459,185269,0.882,9,0.107,-9.704,0,0.0369,120.033,4,0.611,3.087816666666667
0Dkibk70FDp6t7eOZNemNQ,Una Mattina,Ludovico Einaudi,0.991,0.231,0.0297,203800,0.878,2,0.0742,-31.544,1,0.0579,131.413,4,0.07,3.3966666666666665
3weNRklVDqb4Rr5MhKBR3D,Nuvole Bianche,Ludovico Einaudi,0.961,0.191,0.0582,357707,0.89,8,0.0941,-25.398,1,0.0578,132.614,1,0.0454,5.961783333333333
7xIdCBgecZzyymN5Dv95O8,По шанхайским подвалам,Твин Пикс,0.129,0.508,0.862,182532,0.00473,2,0.149,-4.792,0,0.0377,77.016,4,0.57,3.0422
19GMQ1VUE3icqLNOKQAKA1,Электрический ток,Увула,0.00336,0.378,0.851,214382,0.931,11,0.0822,-3.868,0,0.0574,109.238,4,0.232,3.5730333333333335
7ba2nkBq5RycoVkVQkpZ6Q,Старое кино,Перемотка,0.197,0.474,0.886,251557,0.0407,7,0.0688,-3.795,1,0.0609,186.979,4,0.718,4.192616666666667
1hfISzdAwnywAKxaSpfloo,Положение,Skryptonite,0.542,0.58,0.539,282621,0.000292,1,0.146,-8.893,0,0.322,62.922,4,0.243,4.71035
2vak91y1VICVF2VTH8KZl8,Минус 40,Mnogoznaal,0.0998,0.743,0.904,154951,0.0132,11,0.141,-4.441,0,0.0544,128.009,4,0.593,2.582516666666667
1gjTkbF9j4ERY0bm7H6Q0r,магия,maslo chernogo tmina,0.814,0.732,0.471,111000,2.13e-05,10,0.115,-10.004,0,0.339,79.801,4,0.526,1.85
03Lqm21kvdG9BdX4TXUMLa,Лучше,BOOKER,0.236,0.576,0.658,183978,1.92e-05,8,0.108,-9.171,0,0.0318,120.092,4,0.255,3.0663
6l4BbBXArIItRW8W7g78lX,Лоботомия,Loqiemean,0.553,0.749,0.86,206452,0.00226,9,0.279,-5.372,0,0.0606,92.973,4,0.688,3.4408666666666665
2YpjoEkXlkT5TBM2T7Hzkh,The Moment,Kenny G,0.64,0.265,0.31,361467,0.00349,10,0.185,-12.247,1,0.0359,181.174,4,0.194,6.02445
03RS5t6vNp1mw3zdGYCgwb,Don't Be So Serious,Low Roar,0.209,0.557,0.566,373318,0.42,9,0.112,-12.563,0,0.0424,129.987,4,0.117,6.221966666666667
3zYufmyv6HOuiHn1eMR6Ja,Desert Rose,Sting,0.011,0.586,0.659,285960,0.0,0,0.106,-7.92,0,0.0304,111.989,4,0.147,4.766
0I1DJdLt9BKOb7GWmWxCjo,Fields Of Gold,Sting,0.372,0.651,0.339,222120,0.0141,2,0.0739,-11.917,1,0.0246,103.996,4,0.32,3.702
4KFM3A5QF2IMcc6nHsu3Wp,Englishman In New York,Sting,0.396,0.674,0.347,267267,1.05e-05,9,0.0916,-17.707,1,0.0364,102.013,4,0.647,4.45445
6CKoWCWAqEVWVjpeoJXyNH,Shape Of My Heart,Sting,0.691,0.537,0.373,279227,0.000915,6,0.083,-10.081,0,0.0331,83.936,4,0.244,4.653783333333333
31yx0tNcuafs1yrAqD8cXK,Молитва,Meyti,0.0457,0.772,0.75,214000,0.0,10,0.172,-4.894,0,0.198,120.037,4,0.291,3.566666666666667
2pOzBkRKaGexVmdtT5E5Tu,Почитай старших,Noize MC,0.168,0.705,0.847,201800,0.0,1,0.0885,-5.236,1,0.274,150.125,4,0.476,3.3633333333333333
0mkLYmZGLFSQPTPUUYkcnf,Дорогое развлечение,Куок,0.0871,0.615,0.719,163765,0.0239,8,0.131,-7.289,1,0.0465,84.999,4,0.161,2.729416666666667
2XcS6yAntFjv5FqxLqPSZo,Pale Yellow,Woodkid,0.281,0.53,0.433,250040,0.00746,4,0.116,-10.494,0,0.0482,120.944,4,0.0587,4.167333333333334
6Nle9hKrkL1wQpwNfEkxjh,Chanel,Frank Ocean,0.874,0.776,0.503,210285,0.0,0,0.112,-5.732,0,0.237,110.134,4,0.473,3.50475
2jJ09jJoW3EYrK5zYLcF8s,Господин собака,Husky,0.285,0.716,0.81,266565,3.47e-05,4,0.101,-6.129,1,0.218,142.018,4,0.832,4.44275
1Gqu7nWHk72fKtVT9AGobQ,Отопление,Husky,0.406,0.783,0.544,271585,0.000126,9,0.0709,-7.283,1,0.349,79.016,4,0.288,4.526416666666667
6kgw7PUCGNd9hq61skYJ38,Колыбельная,Oxxxymiron,0.00426,0.578,0.854,197595,1.8e-05,11,0.0989,-5.034,0,0.172,165.057,4,0.278,3.29325
7ggFpA3AO2eHLSdqDZu9gZ,Сигаретка без кнопки,pyrokinesis,0.437,0.766,0.493,183433,0.0,6,0.0869,-5.404,1,0.132,139.826,4,0.525,3.0572166666666667
2diFaat3zFhJBtRiJW3GJ9,Моя милая пустота,pyrokinesis,0.624,0.728,0.772,219000,0.0,9,0.145,-3.953,1,0.17,79.891,4,0.685,3.65
6nOy2rPjMbPa04h31VpEcl,АБЬЮЗЕР,Playingtheangel,0.0369,0.653,0.757,248889,0.0,1,0.119,-5.273,1,0.0555,108.03,4,0.217,4.14815
67XPtZfnZmcYmpl01DogK2,Горсвет,Loqiemean,0.297,0.622,0.947,234102,0.0,0,0.716,-3.216,0,0.126,105.103,4,0.662,3.9017
3zVNn73laZ5wp4jJ8nvmZR,Милый Прадед,Loqiemean,0.563,0.617,0.83,229198,0.0,2,0.0982,-4.012,1,0.183,122.074,5,0.393,3.8199666666666667
7t4y1wPWVpCfoBFhJFQ9AV,ДО ОБЕДА,104,0.157,0.769,0.435,165536,0.00786,6,0.398,-8.683,0,0.179,140.033,4,0.506,2.7589333333333332
3QFAehKaZBq1UbK6Mp51Sl,без названия,maslo chernogo tmina,0.634,0.649,0.583,138795,1.5e-05,9,0.11,-7.77,0,0.681,82.757,4,0.168,2.31325
17oDXwck56YE4E8M8QIOdN,clip,maslo chernogo tmina,0.398,0.749,0.368,120000,0.595,1,0.113,-6.723,1,0.403,79.886,4,0.183,2.0
5ZZO3xeGlJ3rtDc8wgrlAk,что для тебя красота,maslo chernogo tmina,0.856,0.821,0.329,115238,0.538,9,0.0621,-11.27,0,0.191,139.998,4,0.405,1.9206333333333334
5S6FXPewVnIx5jEBxMJJZD,Убей меня,Husky,0.091,0.789,0.609,133846,0.121,0,0.206,-10.621,0,0.077,129.997,4,0.79,2.230766666666667
